Plant,URL,ScientificName,Type,MinHeight,MaxHeight,MinWidth,MaxWidth,FloweringMonths,Sun,Watering,MinRain,MaxRain,FlowerColor,Visuals,MinTemp,Soil,MinSoilpH,MaxSoilpH,CNPSDrainage,AttractsBees,AttractsButterflies,AttractsHummingbirds,AttractsSongbirds,Notes,Containers,MinElevation,MaxElevation,Counties,Image,
California box elder,http://calscape.org/Acer-negundo-(Box-Elder),Acer negundo,Tree,30,66,15,40,"Feb, Mar","Full, Partial",DroughtTolerant,11,49,NA,Golden fall foliage; Winter deciduous,-15,Tolerates a variety of soils as long as adequate moisture is present,5,8,"Medium, Slow",Yes,Yes,NA,Yes,"Other: brittle, weak wood but grows where other trees can't; leaves have preservative, can be used to pack fruit or root vegetables. Edible: Sap contains reasonable quantity of sugar, can be used in a drink or reduced to syrup. Seeds eaten by removing ""wings"" and boiling. Pollen can cause allergies.",NA,10,6320,1_11_11_1111_11_111_1_111_111_111111111111111_111111___111,1_box_elder,"https://upload.wikimedia.org/wikipedia/commons/e/e3/Acer_negundo_tree.jpg
https://upload.wikimedia.org/wikipedia/commons/4/4c/Acer_negundo_californicum_Tehachapi.jpg
https://upload.wikimedia.org/wikipedia/commons/5/56/Acer_negundo_aureovar_A.jpg"
Yarrow,http://calscape.org/Achillea-millefolium-(Common-Yarrow),Achillea millefolium,Perennial_herb,1.5,3,1.5,3,"Apr, May, Jun, Jul, Aug","Full, Partial","Occasional, Moderate",11,127,"White, Pink","White to pink flowers; Evergreen, summer deciduous, summer semi-deciduous",-10,Nearly any type except very wet. Because of its deep roots it has been used to control erosion.,4,8,"Fast, Medium, Slow",Yes,Yes,NA,NA,Edible: Aromatic tea is made from flowers and leaves. Can be used as a hop substitute in beer. Hazard: Extended use can cause rashes or photosensitivity; contains sedative compounds.,NA,-36,12005,111111111111_111111111111111111111111111111111111111111111,2_yarrow,"https://upload.wikimedia.org/wikipedia/commons/4/4d/Achillea_millefolium_20041012_2574.jpg
https://upload.wikimedia.org/wikipedia/commons/d/dc/Red_Achillea_millefolium.jpg
https://upload.wikimedia.org/wikipedia/commons/b/b8/Mp-Achillea_millefolium.jpg"
Southern maidenhair fern,http://calscape.org/Adiantum-capillus-veneris-(Southern-Maiden-Hair),Adiantum capillus-veneris,Fern,0.3,1.5,0.3,0.9,NA,"Partial, Shade","Occasional, Moderate, Regular",5,79,Textural,Textural,25,Tolerates clay but does best in moist loamy soil,4,8,Medium,NA,NA,NA,NA,"Edible:Fronds used as garnish on sweet dishes. Dried fronds used in tea. Syrup can be made from the plant. Other: This plant has been used for a variety of medical purposes, was the main ingredient in a popular cough syrup.",NA,3,7319,___1_____111_1____1_1111__1__1__1__11__1_11_1_1_11_____11_,3_adiantum_capillusveneris,"https://upload.wikimedia.org/wikipedia/commons/8/8a/Adiantum_capillus-veneris_habitus.jpg
https://upload.wikimedia.org/wikipedia/commons/8/86/Adiantum_capillus-veneris_%288%29.JPG
https://upload.wikimedia.org/wikipedia/commons/0/00/Common_maidenhair_%28Adiantum_capillus-veneris%29.jpg"
California maidenhair fern,http://calscape.org/Adiantum-jordanii-(California-Maiden-Hair-Fern),Adiantum jordanii,Fern,0.5,1.5,0.5,1.5,NA,"Partial, Shade","Occasional, Moderate, Regular",12,77,Textural,Textural,15,Tolerates sand or clay soils,5.5,8.2,Medium,NA,NA,NA,NA,"Edible:Fronds used as garnish on sweet dishes. Dried fronds used in tea. Syrup can be made from the plant. Other: This plant has been used for a variety of medical purposes, was the main ingredient in a popular cough syrup.",NA,-8,4907,1_11111_1_11__1_1_1_1111__11111_1111111111111__111111_111_,4_adiantum_jordanii,"https://upload.wikimedia.org/wikipedia/commons/8/89/Adiantum_jordanii_frond.jpg
https://c1.staticflickr.com/9/8664/16245570927_ef01614297_k.jpg
https://c1.staticflickr.com/4/3017/3249326592_01106e9c53_o.jpg"
California buckeye,http://calscape.org/Aesculus-californica-(California-Buckeye),Aesculus californica,Tree,9,40,15,40,"May, Jun, Jul","Full, Partial","DroughtTolerant, Infrequent, Occasional, Moderate, Regular",13,85,"White, Pink",White to pale rose flowers; deciduous late summer through winter,-5,Tolerates a variety of soils including clay,4,8,Medium,NA,Yes,Yes,NA,Hazard: All parts contain the neurotoxin aesculin. Native Americans used the nuts to stupefy fish. Saponins can be extracted and made into a soap substitute.,Yes,-11,6141,1_11111111_1__1_1_11111___11111_111__11111111__11111111_11,5_aesculus_californica,"https://upload.wikimedia.org/wikipedia/commons/9/95/Arboretum_des_barres--aesculus_californica_nutt--pavier_de_californie.JPG
https://upload.wikimedia.org/wikipedia/commons/6/6f/Aesculus_californica_flowers_Los_Trancos_CA.jpg
https://upload.wikimedia.org/wikipedia/commons/e/e4/Aesculus_californica_Mount_Diablo.jpg"
Spike bentgrass,http://calscape.org/Agrostis-exarata-(Spike-Bentgrass),Agrostis exarata,Grass,1,3,1,2,"May, Jun","Full, Partial","Occasional, Moderate",10,119,Textural,Textural,-10,Best on mineral soils,5.5,7.5,Unknown,NA,Yes,NA,NA,,NA,0,12863,111111111111_1111111111_1111111111111111111111111_11111111,6_agrostis_exarata,https://upload.wikimedia.org/wikipedia/commons/3/30/Agrostis_exarata.jpg
White alder,http://calscape.org/Alnus-rhombifolia-(White-Alder),Alnus rhombifolia,Tree,30,90,15,35,"Sep, Oct, Nov","Full, Partial",Regular,11,123,NA,Catkins; Winter deciduous,0,Tolerant of sand and clay,4,8,"Slow, Standing",NA,Yes,NA,Yes,Edible: Catkins can be eaten raw or cooked. Pollen may cause allergies. Hazard: Fresh inner bark is emetic. ,NA,3,8643,111111111111_11_11111111__111111111111111111111111_1111111,7_alnus_rhombifolia,"https://upload.wikimedia.org/wikipedia/commons/2/2b/Alnus_rhombifolia_San_Gabriel_River.jpg
https://upload.wikimedia.org/wikipedia/commons/9/92/East-Fort-San-Gabriel-River.jpg
https://upload.wikimedia.org/wikipedia/commons/a/a8/Alnus_rhombifolia-6.jpg"
Western columbine,http://calscape.org/Aquilegia-formosa-(Western-Columbine),Aquilegia formosa,Perennial_herb,0.3,2.6,0.6,1.5,"Mar, Apr, May","Full, Partial, Shade","Moderate, Regular",9,157,"Red, Orange, Yellow",Red to yellow flowers; Winter deciduous,0,Woodland soil with organic material and good drainage,4,8,Medium,Yes,Yes,Yes,NA,"Edible: Flowers eaten raw, rich in nectar. Spring greens cooked. Hazard: Although no records of toxicity have been seen for this species, it belongs to a family that contains a number of mildly toxic species, so be sure you have a Western Columbine before consuming. Other: Native Americans used this in a wide variety of medical applications. Seeds are aromatic, can be used in sachet or crushed and rubbed on as perfume.",Yes,5,12900,1111111111_1_11_1111111_11111_111_1111_1111111111__1111111,8_aquilegia_formosa,"https://upload.wikimedia.org/wikipedia/commons/6/60/Aquilegia_formosa_1.jpg
https://upload.wikimedia.org/wikipedia/commons/e/e0/Aquilegia_formosa_14962.JPG
https://upload.wikimedia.org/wikipedia/commons/c/c3/Aquilegia_formosa.jpg"
Pacific madrone,http://calscape.org/Arbutus-menziesii-(Madrone),Arbutus menziesii,Tree,15,100,5,25,"Apr, May","Full, Partial, Shade","DroughtTolerant, Infrequent, Occasional",21,119,"Pink, White",Showy pink or white flowers; Evergreen,10,Heavy,5,7,"Fast, Medium",Yes,Yes,Yes,Yes,"Edible: Berries can be eaten raw or cooked. Other: Wood very hard and strong, can be used for carving or furniture. Leaves have been used as poultice for burns or as astringent.",NA,10,6026,1_111_111__1____1_1_1_1___11111_1_1_11_1111111111___1_11_1,9_arbutus_menziesii,"https://c1.staticflickr.com/1/162/372957712_546c2a3e85_o.jpg
https://c1.staticflickr.com/1/159/372959476_48be1a4466_o.jpg
https://upload.wikimedia.org/wikipedia/commons/b/b3/Arbutus_menziesii_39044.JPG
https://upload.wikimedia.org/wikipedia/commons/4/46/Arbutus_menziesii_2725.JPG
https://upload.wikimedia.org/wikipedia/commons/1/1e/Arbutus_menziesii-3.jpg"
Brittle leaf manzanita,http://calscape.org/Arctostaphylos-crustacea-ssp.-crustacea-(Brittle-Leaf-Manzanita),Arctostaphylos crustacea,Bush,3,5,1.5,8,"Jan, Feb, Mar","Full, Partial","DroughtTolerant, Infrequent, Occasional",17,61,"White, Pink",White to pink flowers; Evergreen,20,In the wild it is most often seen growing in sand over hardpan,6,7,"Fast, Medium",Yes,NA,Yes,Yes,"Best in coastal areas, does not tolerate high interior heat so if this is your area then provide afternoon shade. Edible: Flowers steeped for tea. Green mature fruits soaked in boiling water, resulting juice ok for drink or jelly. Berries/dried fruits ground into pinole.",Yes,20,4312,1_____11__________1_1_1___11____1_1__1_11111______________,10_arctostaphylos_crustacea,"https://upload.wikimedia.org/wikipedia/commons/5/5b/Arctostaphylos_crustacea_kz2.jpg
https://upload.wikimedia.org/wikipedia/commons/6/62/Arctostaphylos_tomentosa_ssp._crustacea.jpg
https://c1.staticflickr.com/6/5781/20340550739_3c95ad585a_k.jpg"
Eastwood's manzanita,http://calscape.org/Arctostaphylos-glandulosa-(Eastwood-Manzanita),Arctostaphylos glandulosa,Bush,3,12,6,8,"Jan, Feb, Mar","Full, Partial","DroughtTolerant, Infrequent, Occasional",11,123,"White, Pink",White to pink flowers; Evergreen,10,"Often gravelly, decomposed granite soil",6,8,"Fast, Medium",Yes,Yes,Yes,Yes,"Edible: Flowers steeped for tea. Green mature fruits soaked in boiling water, resulting juice ok for drink or jelly. Berries/dried fruits ground into pinole.",Yes,7,7920,1____111_1_1__1_1_1_1_1___11_1__1_111__11111__111___1__1__,11_arctostaphylos_glandulosa,"https://upload.wikimedia.org/wikipedia/commons/b/bd/Arctostaphylosglandulosacrass.jpg
https://upload.wikimedia.org/wikipedia/commons/0/0a/Arctostaphylos_glandulosa_subsp._cushingiana_-_Regional_Parks_Botanic_Garden%2C_Berkeley%2C_CA_-_DSC04352.JPG
https://c1.staticflickr.com/4/3291/3003169765_50f36d659f_o.jpg
https://upload.wikimedia.org/wikipedia/commons/3/35/Arctostaphylos_glandulosa_crassifolia.jpg"
Bigberry manzanita,http://calscape.org/Arctostaphylos-glauca-(Big-Berry-Manzanita),Arctostaphylos glauca,Bush,10,25,6,20,"Jan, Feb, Mar",Full,"DroughtTolerant, Infrequent, Occasional",11,61,"White, Pink",White to pink flowers; Evergreen,0,Can tolerate heavy soil but does best in well-drained soil,6,8,"Fast, Medium",Yes,NA,Yes,Yes,"Edible: Fruits eaten raw or cooked. Drink made by mashing berries, covering in boiling water or soaked in sun like ""sun tea"". Other: A tea made from the dried leaves is strongly astringent, diuretic and an antiseptic for the urinary tract, but should be used with caution because it contains arbutin which hydrolyzes into the toxic urinary antiseptic hydroquinone. Externally, an infusion is used to treat poison oak rash.",Yes,30,9398,1_1___1__1__1_11__1__1____11_11_1_111_11_1111____1_1_1_1__,12_arctostaphylos_glauca,"https://c1.staticflickr.com/7/6187/6065359383_bac9085233_o.jpg
https://upload.wikimedia.org/wikipedia/commons/1/18/Arctostaphylos_glauca_cedar_mountain.JPG
https://upload.wikimedia.org/wikipedia/commons/a/a0/Arctostaphylos_glauca.jpg
https://upload.wikimedia.org/wikipedia/commons/c/cf/Arctostaphylos_glauca_1.jpg"
Parry manzanita,http://calscape.org/Arctostaphylos-manzanita-(Common-Manzanita),Arctostaphylos manzanita,Bush,10,20,10,12,"Jan, Feb, Mar","Full, Partial","DroughtTolerant, Infrequent, Occasional",18,123,"White, Pink",White to pink flowers; Evergreen,10,Tolerant of clay or alluvial soil,4,7,Medium,Yes,NA,Yes,Yes,Edible: Friuts eaten raw or cooked but are hard to digest. Berries can be crushed to make a lightly sweet drink like a cider. Other: The leaves can be boiled and the yellowish-red extract used as a cleansing body wash.,Yes,10,7042,1_1111111111_11_111_1111__111111_1_111_11_111111111111111_,13_arctostaphylos_manzanita,"https://upload.wikimedia.org/wikipedia/commons/7/78/Manzanita_%28Arctostaphylos_manzanita%29.JPG
https://upload.wikimedia.org/wikipedia/commons/1/1a/Arctostaphylos_manzanita_1.jpg
https://upload.wikimedia.org/wikipedia/commons/9/94/Arctostaphylos_manzanita.jpg"
Kinnikinnick,http://calscape.org/Arctostaphylos-uva-ursi-(Southern-Kinnikinnick),Arctostaphylos uva-ursi,Bush,0.5,2,5,10,"Mar, Apr, May, Jun","Full, Partial, Shade","DroughtTolerant, Infrequent, Occasional",19,97,"White, Pink",White to pink flowers; Evergreen,30,Tolerates a variety of soils but prefers sandy loam,4,7,"Fast, Medium",Yes,Yes,Yes,Yes,"Edible: Fruit dry and mealy, but it becomes sweeter when cooked. Added to stews etc, it is a good source of carbohydrates. The fruit can also be used to make a cooling drink or used for preserves etc.A tea is made from the dried leaves. Hazard: Large quantities can be poisonous, consumption of the plant should be avoided by pregnant women.",Yes,7,11679,_______1___1______1_1_1__11___1_________1_______1_____1___,,
Coastal sagebrush,http://calscape.org/Artemisia-californica-(California-Sagebrush),Artemisia californica,Bush,3,8,3,5,"Apr, May, Jun, Jul, Aug, Sep, Oct",Full,"DroughtTolerant, Infrequent, Occasional",11,50,NA,Silvery light green to gray foliage; Evergreen,20,"Usually found on sandy soil with low nutrient content, although it is also said to tolerate clay",5,8,Medium,Yes,NA,NA,Yes,Pollen may cause allergies,NA,-22,11507,1_____1__1____111_1_1_11__11_1__1_1111111111___111___1_1__,,
Mugwort,http://calscape.org/Artemisia-douglasiana-(Douglas'-Sagewort),Artemisia douglasiana,Perennial_herb,2.1,8,1.5,4,"May, Jun, Jul, Sep, Oct","Full, Partial, Shade","DroughtTolerant, Infrequent, Occasional",11,95,NA,Silver-gray folliage; Winter deciduous,0,Tolerant of a variety of soils as long as adequate moisture is available,5,8,Slow,Yes,Yes,NA,NA,,NA,-7,11501,111111111111_11_111111111111111111111111111111111111111111,,
California milkweed,http://calscape.org/Asclepias-californica-(California-Milkweed),Asclepias californica,Perennial_herb,3,3,3,3,"Apr, May, Jun, Jul",Full,"DroughtTolerant, Infrequent, Occasional",13,55,Purple,Purple flowers with light-gray leaves; Summer Semi-deciduous,5,Tolerates sand and clay,6,8,Unknown,Yes,Yes,NA,NA,"Hazard: Although no specific reports have been seen for this species, many, if not all, members of this genus contain toxic resinoids, alkaloids and cardiac glycosides. They are usually avoided by grazing animals.Other: Rubber can be made from latex contained in the stems and leaves.",NA,3,8798,1_____1__1____1__111_1_1__1_11__1_111__1_11_____11___1_1__,,
Narrow leaf milkweed,http://calscape.org/Asclepias-fascicularis-(Narrow-Leaf-Milkweed),Asclepias fascicularis,Perennial_herb,1.5,3,0.6,1,"Jun, Jul, Aug, Sep",Full,"DroughtTolerant, Infrequent, Occasional",8,107,"White, Pink",White/pink flowers; Winter deciduous,5,"Tolerates a variety of soils including sandy, clay and saline",6,8,Medium,Yes,Yes,NA,NA,"Hazard: Although no specific reports have been seen for this species, many, if not all, members of this genus contain toxic resinoids, alkaloids and cardiac glycosides. They are usually avoided by grazing animals.",NA,1,11144,1111111_1111_111111111111111111111111_11111111111111111111,,
Showy milkweed,http://calscape.org/Asclepias-speciosa-(Showy-Milkweed),Asclepias speciosa,Perennial_herb,1.5,4,1.5,4,"Jun, Jul",Full,"DroughtTolerant, Infrequent, Occasional",15,75,"Pink, Purple",Fragrant eye-catching furry pale pink to pinkish-purple flowers; Winter deciduous,-5,Tolerates clay soil but performs best with good drainage,6,8.5,Medium,Yes,Yes,NA,NA,"Hazard: Although no specific reports have been seen for this species, many, if not all, members of this genus contain toxic resinoids, alkaloids and cardiac glycosides. They are usually avoided by grazing animals.Other: Rubber can be made from latex contained in the stems and leaves. Stems and leaves can be used to make paper. Seed floss is highly water resistant.",NA,17,7825,1111111_1111_1__11__111_11_11_11_1________1_11111__1111_11,,
Lady fern,http://calscape.org/Athyrium-filix-femina-(Common-Ladyfern),Athyrium filix-femina,Fern,2,3,2,3,NA,"Partial, Shade","Occasional, Moderate, Regular",18,107,Textural,Textural,-10,"Clay, Loam, Sand, Rocky",5,8,"Fast, Medium",NA,Yes,NA,NA,"Hazard: The fresh shoots contain thiaminase, an enzyme that robs the body of its vitamin B complex. In small quantities this enzyme will do no harm to people eating an adequate diet that is rich in vitamin B, though large quantities can cause severe health problems. The enzyme is destroyed by heat or thorough drying.",NA,-4,10600,111111111111_1__1_11111_11111_111__1_1111111111_1__1111__1,,
Coyote brush,http://calscape.org/Baccharis-pilularis-(Coyote-Bush),Baccharis pilularis,Bush,3,10,3,12,"Sep, Oct, Nov, Dec, Jan","Full, Partial","DroughtTolerant, Infrequent, Occasional",9,101,White,White to cream flowers; Evergreen,10,"Tolerant of a variety of soils including sand, clay and alkaline",5,8,Medium,Yes,Yes,NA,NA,Pollen may cause allergies,NA,-152,6046,1_1111111111__1_1_1_1111__1111111111111111111__11111111111,,
Mulefat,http://calscape.org/Baccharis-salicifolia-(Mulefat),Baccharis salicifolia,Bush,3,12,3,9,"Jan, Feb, Mar, Apr, May, Jun, Jul, Aug, Sep, Oct, Nov, Dec",Full,"DroughtTolerant, Infrequent, Occasional, Moderate, Regular",5,63,White,White flowers; Evergreen to semi-deciduous in summer,-10,"Heavier riparian soils, sandy washes",6,9,"Fast, Medium, Slow, Standing",Yes,Yes,NA,NA,,NA,-227,6779,1__1111_111_111_1_1_1111__11111_1111111111111__11111_11111,,
California barberry,http://calscape.org/Berberis-pinnata-(Coast-Barberry),Berberis pinnata,Bush,3,10,1.5,5,"Feb, Mar, Apr, May","Full, Partial","DroughtTolerant, Infrequent, Occasional",13,121,Yellow,Yellow flowers; Evergreen,10,"Tolerates clay but performs best in deep, rich woodland soil",5,7,Medium,NA,NA,NA,NA,,NA,4,6204,1_1___11___1______1_111___11111_111111_111111_1_1___1__1__,,
California brome,http://calscape.org/Bromus-carinatus-(California-Brome-Grass),Bromus carinatus,Grass,1,5,1,2,"Jan, Feb, Mar","Full, Partial","DroughtTolerant, Infrequent, Occasional",9,119,Textural,Textural,-15,Tolerates most soil types but especially good in clay,5.5,8,Medium,Yes,Yes,NA,Yes,"Edible: Seed can be cooked or dried and ground into powder, but is small and hard to extract.",NA,-22,11823,1.11111E+57,,
Reed grass,http://calscape.org/Calamagrostis-nutkaensis-(Pacific-Reedgrass),Calamagrostis nutkaensis,Grass,2,4,2,4,"Mar, Apr, May, Jun","Full, Partial","Occasional, Moderate, Regular",17,101,Textural,Textural,15,Tolerates a variety of soils,5,7.8,Standing,NA,NA,NA,NA,Pollen may cause allergies,NA,-51,5891,1______1___1________1_1___1__________1_11__1__1_1_________,,
Santa Barbara sedge,http://calscape.org/Carex-barbarae-(Valley-Sedge),Carex barbarae,Grass,2,4,2,4,"Jun, Jul, Aug","Partial, Shade","Moderate, Regular",13,69,NA,Brown inflorescence and fruit,15,Tolerates a variety of soils,5.5,8,Slow,NA,Yes,NA,Yes,Pollen may cause allergies,Yes,-8,9055,1_11_11_1111__1_1_111_11__11111_1111111111111_111111111111,,
Torrent sedge,http://calscape.org/Carex-nudata-(Dudley's-Sedge),Carex nudata,Grass,1,3,1,3,"Apr, May, Jun, Jul","Partial, Shade","Moderate, Regular",17,89,Textural,Textural,5,"Tolerates rocky, gravelly, sandy or clay soils as long as plenty of water is available",-1,-1,"Slow, Standing",NA,NA,NA,Yes,Pollen may cause allergies,Yes,3,7026,1_11_1111111____1_111111__111_11_____1_111111_1111_11_1__1,,
Clustered field sedge,http://calscape.org/Carex-praegracilis-(Clustered-Field-Sedge),Carex praegracilis,Grass,1,3.5,1,3.5,"May, Jun","Full, Partial","Occasional, Moderate",5,77,Textural,Textural,-5,Tolerant of a variety of soils as long as sufficient moisture is provided,6,7,Slow,NA,Yes,NA,Yes,Pollen may cause allergies,Yes,-6,10745,11111111111__11_111111111111111111_1111111111_111111_11111,,
Foothill sedge,http://calscape.org/Carex-tumulicola-(Foothill-Sedge),Carex tumulicola,Grass,0.5,2,1,3,"Apr, May, Jun, Jul","Full, Partial, Shade","Occasional, Moderate, Regular",20,79,Textural,Textural,15,Adaptable,-1,-1,Slow,NA,NA,NA,Yes,Pollen may cause allergies,Yes,7,6669,1111_11__1_1____1_1_11111_11__1__11__1_11111___11_____1___,,
Buckbrush,http://calscape.org/Ceanothus-cuneatus-(Buck-Brush),Ceanothus cuneatus,Bush,5,12,5,12,"Feb, Mar, Apr",Full,"DroughtTolerant, Infrequent, Occasional",11,123,"White, Blue, Lavender","White, pale blue, blue, or lavender flower; Evergreen",-10,"Variable, but needs fast drainage",6,8,Fast,Yes,Yes,Yes,Yes,"Edible: Tea can be made by steeping leaves in boiling water for 5 minutes. Other: Green dye can be made from leaves, red dye from roots. All parts of the plant are rich in saponins - when crushed and mixed with water they produce a good lather which is an effective and gentle soap.",NA,-13,9002,111111111111_1111111111_1_11111111111_11111111111111111111,,
Wavy-leaved ceanothus,http://calscape.org/Ceanothus-foliosus-(Wavy-Leaved-Ceanothus),Ceanothus foliosus,Bush,2,6,3,6,"Mar, Apr, May, Jun",Full,"DroughtTolerant, Infrequent, Occasional",22,79,Blue,Blue flowers; Evergreen,15,Prefers slightly acidic soil but tolerates a variety of soils,6,8,Fast,Yes,Yes,Yes,NA,"Prefers sun on coast and shade inland. Edible: Flowers of most varieties can be steeped for tea, although not documented for this particular species.",NA,66,6527,1____1_____1____1_1_1_1___11_1_____11__111111___1___1_____,,
Glory mat,http://calscape.org/Ceanothus-gloriosus-(Point-Reyes-Ceanothus),Ceanothus gloriosus,Bush,0.3,3,3,6,"Mar, Apr",Partial,"DroughtTolerant, Infrequent, Occasional",29,75,"Blue, Lavender","Blue, Lavender, Pink flowers; Evergreen",0,Prefers beach sand,5,7,Fast,Yes,Yes,Yes,NA,"Edible: Flowers of most varieties can be steeped for tea, although not documented for this particular species.",NA,13,3129,___________1________1_1___1____________1________1_________,,
Blue blossom ceanothus,http://calscape.org/Ceanothus-thyrsiflorus-(Blueblossom-Ceanothus),Ceanothus thyrsiflorus,Bush,2,20,2,40,"Mar, Apr, May","Full, Partial","DroughtTolerant, Infrequent, Occasional",17,101,Blue,Blue flowers; Evergreen,15,"Reported to tolerate clay and sand, but Ceanothus generally do best in well-drained soil. Do not fertilize or amend.",5,7,"Fast, Medium",Yes,Yes,Yes,NA,"Edible: Flowers of most varieties can be steeped for tea, although not documented for this particular species. Other: green dye can be made from leaves. All parts of the plant are rich in saponins - when crushed and mixed with water they produce a good lather which is an effective and gentle soap.",NA,10,5665,1_____111__1__1_1_1_1_1___1__1_11__111_111111__11______11_,,
Carmel ceanothus,http://calscape.org/Ceanothus-thyrsiflorus-var.-griseus-(Carmel-Ceanothus),Ceanothus thyrsiflorus var.griseus,Bush,3,15,3,15,"Mar, Apr, May","Full, Partial","Infrequent, Occasional",17,49,Blue,Light blue flowers;  Evergreen,15,Tolerant of sandy or clay soil,5,7,Medium,Yes,Yes,Yes,NA,"Edible: Flowers of most varieties can be steeped for tea, although not documented for this particular species. Other: green dye can be made from leaves. All parts of the plant are rich in saponins - when crushed and mixed with water they produce a good lather which is an effective and gentle soap.",NA,3,2254,1_________________1_1_1___1_________11_111_1____1_________,,
Western redbud,http://calscape.org/Cercis-occidentalis-(Redbud),Cercis occidentalis,Bush,3,20,3,15,"Feb, Mar, Apr","Full, Partial","DroughtTolerant, Infrequent, Occasional",15,91,Purple,"Showy purple flowers in spring; red, gold, or multicolored fall foliage; Winter deciduous",15,Adaptable,5,8,Medium,Yes,Yes,NA,NA,"Requires winter frost; Edible: Flowers can be eaten raw in salads; flower buds can be pickled like capers; seedpods eaten raw, roasted or cooked.",Yes,33,7910,1_1111__1111__1_1111_1111_111_11_1_11__1_11_1_111_11111111,,
Mountain mahogany,http://calscape.org/Cercocarpus-betuloides-(Mountain-Mahogany),Cercocarpus betuloides,Bush,3,20,3,12,"Mar, Apr, May","Full, Partial","DroughtTolerant, Infrequent, Occasional",11,97,"Green, Red, White","Green, red, or white flowers; Evergreen",20,Adaptable,5,8,Medium,Yes,Yes,NA,NA,,NA,10,9673,1111111111111_111111111_1111111_1_111__1111111111_11111111,,
Chinese houses,http://calscape.org/Collinsia-heterophylla-(Purple-Chinese-Houses),Collinsia heterophylla,Annual_herb,0.6,1.5,0.3,0.3,"Feb, Mar, Apr","Full, Partial","Infrequent, Occasional, Regular",11,83,Purple,Purple flowers,0,"Prefers rich, loamy soil",5,6,"Medium, Slow",Yes,Yes,NA,NA,,NA,-3,6774,1_11111_11_1__1_1_111111__11111_111111111111___11111111111,,
Red osier dogwood,http://calscape.org/Cornus-sericea-(Creek-Dogwood),Cornus sericea,Bush,4,13,9,15,"Jun, Jul, Aug","Full, Partial, Shade","Occasional, Moderate, Regular",13,159,"White, Blue, Lavender","Red-brown bark, white flowers; Winter deciduous",0,"Tolerates a variety of soils but does best in moist, rich loamy soil",5,7,"Medium, Slow, Standing",Yes,Yes,NA,Yes,Hazard: Fruit can cause nausea. Other: widely employed by several native North American Indian tribes who valued it especially for its astringent and tonic bark. Decoction has been used to treat skin infections and rashes such as from poison oak.,Yes,3,10329,111111111111_11_1111111_1111111111111111111111111__1111111,,
Beaked hazelnut,http://calscape.org/Corylus-cornuta-(Beaked-Hazelnut),Corylus cornuta,Bush,5,20,6,10,"Feb, Mar","Partial, Shade","Occasional, Moderate, Regular",23,151,Yellow,Inconspicuous yellow flowers; Winter deciduous,0,Tolerant of a variety of garden soils as long as sufficient moisture is available,5,7,Medium,NA,NA,NA,Yes,Edible: nuts used like other hazelnuts. Other: Blue dye can be made from root or inner bark. Branches used in basketry.,NA,13,10537,1_111_1111_1____1__1111___111_111__1_1__1_1111111__1111__1,,
Hairgrass,http://calscape.org/Deschampsia-cespitosa-(Tufted-Hairgrass),Deschampsia caespitosa,Grass,1.5,3.3,1.5,3,Jul,"Full, Partial, Shade","Moderate, Regular",15,151,Textural,Textural,0,Tolerant of sand and clay,5,7,Medium,Yes,Yes,NA,NA,,NA,-51,14460,1111_11111_1_11_11_1111_11111_1111_111_11_1111111__11111__,,
Wood fern,http://calscape.org/Dryopteris-arguta-(Coastal-Wood-Fern),Dryopteris arguta,Fern,0.9,3,0.9,3,NA,"Full, Partial, Shade","Occasional, Moderate, Regular",21,101,Textural,Textural,5,"Tolerates a variety of soils, even clay",4,7,WellDraining,NA,NA,NA,NA,,NA,-23,8278,1_111_1111_1__1_111_111___1111111_1111_111111_111_11111111,,
Giant bluerye,http://calscape.org/Elymus-condensatus-(Giant-Wildrye),Elymus condensatus,Grass,3,10,2,8,"May, Jun, Jul, Aug",Full,DroughtTolerant,11,51,Textural,Textural,15,Tolerant of sand and clay,5,8,Medium,NA,Yes,NA,NA,"Edible: Seeds can be roasted and ground into a flour, but the seeds are small and hard to extract.",NA,-7,7531,1_____1__1_1_11__11___1_111__1_11_1111_111111_1_1_1____11_,,
Blue wildrye,http://calscape.org/Elymus-glaucus-(Blue-Wildrye),Elymus glaucus,Grass,1.5,5,1.5,3,"May, Jun, Jul",Full,"Occasional, Moderate",10,127,Textural,Textural,-15,Tolerates a wide variety of soils,5,8.2,Medium,NA,Yes,NA,NA,"Edible: Seeds can be roasted and ground into a flour, but the seeds are small and hard to extract.",NA,-23,10639,111111111111_11_111111111111111111111111111111111111111111,,
Creeping wildrye,http://calscape.org/Elymus-triticoides-(Creeping-Wild-Rye),Elymus triticoides,Grass,1.5,4,1.5,4,"Jun, Jul",Partial,"Moderate, Regular",7,63,Textural,Textural,0,Tolerates most soils,6,9,"Medium, Slow",NA,Yes,NA,NA,,NA,3,10173,111111111111_11_111111111111111111111111111111111111111111,,
California fuchsia,http://calscape.org/Epilobium-canum-(California-Fuchsia),Epilobium canum,Perennial_herb,1.8,3,1.8,3,"Aug, Sep, Oct","Full, Partial","DroughtTolerant, Infrequent, Occasional",9,117,"Red, Orange","Red-orange flowers; Summer semi-deciduous, Winter Semi-deciduous",0,Tolerates clay and sand,6,8,Medium,Yes,Yes,Yes,NA,,Yes,-10,12228,1111111111_1111_11111111_1111111111111_11111111111_111111_,,
Common horsetail,http://calscape.org/Equisetum-arvense-(Common-Horsetail),Equisetum arvense,Fern,1,2,0.3,1,NA,"Partial, Shade","Moderate, Regular",13,127,Textural,Textural,-10,"Clay, Loam, Sand",6.5,7.5,Standing,NA,NA,NA,NA,"Grows rapidly, can be invasive. Other: The stems contain 10% silica and are used for scouring metal and as a fine sandpaper. Horsetail is very astringent and makes an excellent clotting agent. Hazard: Contains equisetic acid, a potent heart and nerve sedative that is a dangerous poison when taken in high doses.",NA,6,10600,111111111111_11_1111111_1111111111111111111111111_111111_1,,
Seaside daisy,http://calscape.org/Erigeron-glaucus-(Seaside-Fleabane),Erigeron glaucus,Perennial_herb,0.6,1,1.5,3,"Jan, Feb, Mar, Apr, May, Jun, Jul, Aug",Full,"DroughtTolerant, Infrequent, Occasional, Moderate",15,69,"White, Pink, Purple","White, pink, purple flowers; Evergreen",15,"Clay soils on steep slopes, sandy soils on flats",5,7,Fast,Yes,Yes,NA,NA,,Yes,-87,1376,1_____11___1________1_11__1__________1_111_1____1______1__,,
California buckwheat,http://calscape.org/Eriogonum-fasciculatum-(California-Buckwheat),Eriogonum fasciculatum,Bush,3,5,3,6,"Apr, May, Jun, Jul, Aug, Sep","Full, Partial","DroughtTolerant, Infrequent, Occasional",5,57,"White, Pink","White, pink flowers; Evergreen",15,Adaptable,5,8.5,"Fast, Medium",Yes,Yes,NA,Yes,,NA,3,11630,1____11__11_11111_111__1_11__1__1_1111111111___111__11_1__,,
Coast buckwheat,http://calscape.org/Eriogonum-latifolium-(Coast-Eriogonum),Eriogonum latifolium,Perennial_herb,1.5,2.3,1.5,3,"Jul, Aug, Sep","Full, Partial","Moderate, Occasional",15,71,"White, Pink","White, pink, rose flowers; Summer semi-deciduous",20,Tolerates clay but prefers fast draining rocky or sandy soil,5.5,7,"Fast, Medium",Yes,Yes,NA,Yes,Edible: young stems (spring and early summer) are tender and can be eaten raw,NA,-26,7864,1______1___1__1_____1_1___11____1_1__1_111_1__1_1_____11__,,
Sulfur buckwheat,http://calscape.org/Eriogonum-umbellatum-(Sulphur-Buckwheat),Eriogonum umbellatum,Perennial_herb,0.6,1.5,0.9,0.9,"Aug, Sep, Oct",Partial,"Infrequent, Occasional",8,159,"White, Yellow, Red","White, yellow, red flowers; Evergreen",0,Prefers sandy or gravelly soil with fast drainage,5,7,"Fast, Medium",Yes,Yes,NA,Yes,,NA,406,14460,111111111111_11_1111_11_11111_111_111____11_111____11111_1,,
Golden yarrow,http://calscape.org/Eriophyllum-confertiflorum-(Golden-Yarrow),Eriophyllum confertiflorum,Perennial_herb,1,3,0.5,2,"Apr, May, Jun, Jul, Aug",Full,"DroughtTolerant, Infrequent, Moderate",11,65,Yellow,Yellow flowers; Summer semi-deciduous,5,Tolerates clay soil,5,8,Medium,NA,Yes,NA,Yes,,NA,-25,10303,1___1_1_11_11111__1111_1__1111__1_1111_111111__111___111__,,
California poppy,http://calscape.org/Eschscholzia-californica-(California-Poppy),Eschscholzia californica,Annual_herb,1.5,3,1.5,3,"Feb, Mar, Apr, May, Jun, Jul, Aug, Sep","Full, Partial","DroughtTolerant, Infrequent, Moderate",7,87,"Orange, Yellow","Orange, yellow flowers",10,Adaptable,5,8,"Fast, Medium, Slow",Yes,NA,NA,NA,Hazard: No records of toxicity have been seen but this species belongs to a family that contains many poisonous plants. ,NA,-23,8798,111111111111_111111111111111111111111111111111111111111111,,
Western goldenrod,http://calscape.org/Euthamia-occidentalis-(Western-Goldentop),Euthamia occidentalis,Perennial_herb,3,7,0.5,1,"Aug, Sep, Oct","Full, Partial","Moderate, Regular",7,63,Yellow,Yellow flowers,0,Tolerant of a variety of garden soils as long as sufficient moisture is available,4.5,7,"Fast, Medium",Yes,Yes,NA,NA,,NA,-33,7123,1111_11_1111_111111111111111111111111111111111111111111111,,
California fescue,http://calscape.org/Festuca-californica-(California-Fescue),Festuca californica,Grass,1.8,4,0.9,3,"Feb, Mar, Apr","Full, Partial","DroughtTolerant, Infrequent, Occasional, Moderate",21,119,Textural,Textural; summer dormant,30,Adaptable,6,7.2,Medium,NA,Yes,NA,Yes,Works great under oak trees. Pollen may cause allergies,Yes,13,8689,1__1_1111111____111_1_1_1_1111111_1111_1111111111__11____1,,
Idaho fescue,http://calscape.org/Festuca-idahoensis-(Idaho-Fescue),Festuca idahoensis,Grass,0.6,2.5,0.9,1.5,"Jun, Jul","Full, Partial","DroughtTolerant, Infrequent",14,137,Textural,Textural,-10,Adaptable,6,8,Medium,Yes,Yes,NA,Yes,Pollen may cause allergies,Yes,37,11752,11_111111111_1__11__111_11111_11___1_1111_1111111111111_1_,,
Red fescue,http://calscape.org/Festuca-rubra-(Red-Fescue),Festuca rubra,Grass,1,2.6,1,2,"Apr, May","Full, Partial","DroughtTolerant, Infrequent, Occasional, Moderate",14,123,Textural,Textural,-10,Tolerates many soil types,5.6,6.9,Medium,NA,Yes,NA,Yes,Pollen may cause allergies,Yes,-23,10309,1111_11111_1_11_111_111_11111111_11111_1111111111__111111_,,
Beach strawberry,http://calscape.org/Fragaria-chiloensis-(Beach-Strawberry),Fragaria chiloensis,Perennial_herb,0.3,0.9,0.9,3,"Feb, Mar","Full, Partial","Infrequent, Occasional",20,85,White,White flowers; Evergreen,25,Prefers sandy soils,5.6,6.3,Fast,Yes,Yes,NA,Yes,Edible: berries eaten raw or cooked into jam. Leaves can be used in tea.,NA,-23,10309,1______1___1________1_1___1__________1_111_11___1_________,,
Woodland strawberry,http://calscape.org/Fragaria-vesca-(Woodland-Strawberry),Fragaria vesca,Perennial_herb,0.5,1,6,9,"Feb, Mar, Apr, May","Partial, Shade","Occasional, Moderate, Regular",20,127,White,White flowers; Evergreen,-5,Tolerates clay and garden soil,5.4,6.8,Unknown,NA,Yes,NA,Yes,Edible: berries eaten raw or cooked into jam. Leaves can be used in tea.,NA,7,9319,1__11_1111_1_1__1111111_1_111_111__111_111111_1_1__1111_11,,
California coffeeberry,http://calscape.org/Frangula-californica-(Coffee-Berry),Frangula californica,Bush,6,15,5,15,"Jun, Jul, Aug","Full, Partial","DroughtTolerant, Infrequent, Occasional",9,159,NA,Evergreen; Winter deciduous,10,"Tolerates a variety of soils, but some subspecies have specific soil affinities",5,8,Medium,Yes,Yes,NA,Yes,"Pollen may cause allergies. Hazard: Leaves, berries and bark are poisonous",Yes,39,8798,111111111111_11_1_111111_11111111111111111111_111111111111,,
Flannelbush,http://calscape.org/Fremontodendron-californicum-(Flannel-Bush),Fremontodendron californicum,Bush,6,20,6,20,"Mar, Apr, May, Jun","Full, Partial",DroughtTolerant,13,59,Yellow,Yellow flowers; Evergreen,20,"Sandy, gravelly, rocky or chalky, very well-draining soils",6,8,Fast,Yes,Yes,NA,NA,"Other: Stem is covered in fine ""hairs"" that can cause skin rash on contact.",NA,-1,5019,1__11_1_11__1_1_1_1111____1111__111111_111111_1_1__1_11111,,
Coast silktassel,http://calscape.org/Garrya-elliptica-(Wavyleaf-Silktassel),Garrya elliptica,Bush,6,15,6,10,"Dec, Jan","Full, Partial","Infrequent, Occasional",18,89,"Green, Yellow",Showy green or yellow flowers; Evergreen,0,Tolerates clay soil,6,8,Medium,Yes,Yes,NA,NA,"Pollen may cause allergies. Other: Gray to black dye is obtained from berries. Wood is hard and fine-grained, has been used in cabinetry.",NA,6,11089,1____1111_11__1_1_1_1_1___11___1__1__1_111111_1_1__1____1_,,
Globe gilia,http://calscape.org/Gilia-capitata-(Blue-Field-Gilia),Gilia capitata,Annual_herb,1.5,3,0.9,3,"Feb, Mar, Apr","Full, Partial","Infrequent, Occasional, Moderate",12,127,Purple,Purple flowers,-20,Tolerates clay but does best in well-drained soil,6,7,Medium,Yes,NA,NA,NA,,NA,-3,8045,111111111111__1_111111111_11111111111111_11111111111111111,,
Common gumplant,http://calscape.org/Grindelia-camporum-(Great-Valley-Gumweed),Grindelia camporum,Perennial_herb,2,6,1.5,3,"Apr, May, Jun, Jul, Aug, Sep, Oct",Full,"DroughtTolerant, Infrequent",9,85,Yellow,Yellow flowers; Summer semi-deciduous,15,Adaptable,6,8,"Fast, Medium",Yes,Yes,NA,NA,"Other: The plant is used externally to treat burns, poison ivy rash, dermatitis, eczema and skin eruptions. Yellow and green dyes obtained from flowering heads and pods.",NA,-59,1728,11111111111111111_111111_111111111111111111111111111111111,,
Gumweed,http://calscape.org/Grindelia-stricta-(Oregon-Gumweed),Grindelia stricta,Perennial_herb,0.9,1.5,2.4,3.6,"May, Jun, Jul, Sep, Oct","Full, Partial","DroughtTolerant, Infrequent, Occasional, Moderate",15,71,Yellow,Yellow flowers; Summer semi-deciduous,30,Typically sandy,5,7.5,Fast,Yes,Yes,NA,NA,,NA,-122,7626,1_____11__11______1_1_11__11_____1___1_11111___11______11_,,
Sunflower,http://calscape.org/Helianthus-annuus-(Sunflower),Helianthus annuus,Annual_herb,8,10,1,2,"Jun, Jul, Aug",Full,"DroughtTolerant, Infrequent, Occasional",7,73,Yellow,Yellow flowers,0,Adaptable,5.4,8.6,Medium,Yes,Yes,NA,Yes,"Edible: Seeds eaten like other sunflowers. Seeds can be roasted and ground as a coffee substitute. Pollen or plant extracts may cause allergic reactions in some people. Other: The crushed leaves are used as a poultice on sores, swellings, snakebites and spider bites. Fiber from the stem is used to make paper and cloth. ",NA,3,5871,1111111_11111111_11111_111__111111111_11_11_11111111_11111,,
Toyon,http://calscape.org/Heteromeles-arbutifolia-(Toyon),Heteromeles arbutifolia,Bush,6,30,6,15,"Jun, Jul, Aug","Full, Partial","DroughtTolerant, Infrequent, Occasional",11,73,White,"Showy white flowers, prolific red berries;  Evergreen",-5,Tolerant of a variety of soils,5,8,"Fast, Medium",Yes,Yes,Yes,Yes,"Edible: Ripe berries edible. Simmer crushed berries for 30min for a cider. Can be used in fruit leather or other applications. Hazard: Fruit pits and young leaves contain cyanide. Other: Dense clusters of red berries during winter, good for wreaths and decorations. Looks like holly, and is what ""Hollywood"" was originally named for.",Yes,3,10525,1_1111111111__1_1_1_1111__11111_1111111111111_111_11111111,,
Alum root,http://calscape.org/Heuchera-micrantha-(Crevice-Alumroot),Heuchera micrantha,Perennial_herb,1.5,3,1.5,3,"May, Jun, Jul","Full, Partial","Occasional, Moderate",21,127,"White, Pink","White, pink flowers; Evergreen",16,Prefers rocky substrate,5,8,Medium,Yes,Yes,Yes,NA,,NA,3,11593,11_111111111__1_1__1111_11111_11_1___1_11111111_1__1111__1,,
Cream bush,http://calscape.org/Holodiscus-discolor-(Cream-Bush),Holodiscus discolor,Bush,6,15,3,15,"May, Jun, Jul","Full, Partial, Shade","Infrequent, Occasional",9,159,"White, Pink",Small creamy white to pinkish flowers; Winter deciduous,-15,"Adaptable, does well in garden soil",6,8,Fast,Yes,Yes,NA,Yes,"Edible: berries edible. Other: wood is very hard and doesn't burn easily, so used for making small tools.",NA,-51,10973,111111111111_11_1111111_111111111_1111_1111111111111111111,,
Meadow barley,http://calscape.org/Hordeum-brachyantherum-(Meadow-Barley),Hordeum brachyantherum,Grass,0.9,3,0.3,0.9,"Jun, Jul",Full,"Occasional, Moderate",9,113,Textural,Textural,-15,Tolerant of a variety of garden soils as long as sufficient moisture is available,5,8.1,Unknown,NA,NA,NA,Yes,,NA,15,5017,111111111111_11_111111111111111111111111111111111111111111,,
Douglas iris,http://calscape.org/Iris-douglasiana-(Douglas'-Iris),Iris douglasiana,Perennial_herb,0.6,3,2,4,"Feb, Mar, Apr, May, Jun","Full, Partial, Shade","DroughtTolerant, Infrequent, Occasional",19,101,"Lavender, Red, Purple, White","Lavender, red-purple, pale cream, veined purple flowers; Evergreen",30,Prefers heavy soils with organic matter,5,8,Slow,Yes,NA,NA,Yes,"Hazard: Many plants in this genus are thought to be poisonous if ingested, so caution is advised. The roots are especially likely to be toxic.",Yes,3,8517,1_____11___1____1_1_1_1_1_11__1___1__1_11111___11___11____,,
Soft rush,http://calscape.org/Juncus-effusus-(Soft-Rush),Juncus effusus,Grass,0.9,5,0.9,3,"Jun, Jul, Aug",Partial,Regular,4,122,Textural,"Brown, Textural",15,Wetland plant. Tolerates a variety of soils,5.5,7.5,"Slow, Standing",NA,NA,NA,NA,"Other: Stems used in baskets, mats. Stems can be peeled, soaked in oil, and used as a candle. A fiber from the stems can be used to make paper.",Yes,7,5053,111111111111111111111111_1111111111111111111111111_1111111,,
Spreading rush,http://calscape.org/Juncus-patens-(Common-Rush),Juncus patens,Grass,1.5,3,1.5,3,"Feb, Mar, Apr, May, Jun, Jul, Aug, Sep, Oct",Full,"Infrequent, Occasional, Moderate, Regular",10,100,Textural,Textural,15,Tolerates a variety of soils,5.5,7,"Slow, Standing",NA,NA,NA,NA,,Yes,3,8798,1__1_11____1____1_1_1_1___11111_111_11_111111_111__11__11_,,
Iris leaved rush,http://calscape.org/Juncus-xiphioides-(Irisleaf-Rush),Juncus xiphioides,Grass,1,3,1,6,"May, Jun, Jul",Partial,Regular,7,85,Textural,Textural,-20,Adaptable,5,7,"Medium, Slow, Standing",NA,Yes,NA,NA,,Yes,-66,5514,11_111111111111_11111111_111111111111111111111111_11111111,,
California goldfields,http://calscape.org/Lasthenia-californica-(California-Goldfields),Lasthenia californica,Annual_herb,0.5,1.5,0.5,1,"Feb, Mar, Apr, May, Jun","Full, Partial","Moderate, Occasional, Infrequent",7,89,Yellow,Yellow flowers,15,Variable,-1,-1,Medium,Yes,Yes,NA,NA,,NA,6,5600,1_11111111111_111_111111__11111_1111111111111_111111111111,,
Tidy tips,http://calscape.org/Layia-platyglossa-(Common-Tidy-Tips),Layia platyglossa,Annual_herb,0.3,2,0.5,2,"Feb, Mar, Apr, May",Full,"Infrequent, Occasional, Moderate",7,65,"White, Yellow","Yellow, white flowers",-5,"Prefers clay or loamy soil, tolerates sandy soil",5,8,Medium,Yes,Yes,NA,NA,Edible: Seed can be ground into a powder and used with other ground seeds in a mush or porridge,NA,7,5465,1__1_11_11_1__111_111_11__11_11_1_1111111111___11111_111__,,
Meadowfoam,http://calscape.org/Limnanthes-douglasii-(Common-Meadowfoam),Limnanthes douglasii,Annual_herb,1,2,0.5,1,"Mar, Apr, May, Jun, Jul","Full, Partial","Moderate, Regular",13,95,"White, Yellow","White, yellow flowers",15,"Adaptable, can grow in poorly drained clay soils",-1,-1,Fast,Yes,Yes,NA,NA,,NA,-7,12091,1_11111_1111____1__11111__11__1__11_1_111_111__111_1111_11,,
Silver bush lupine,http://calscape.org/Lupinus-albifrons-(Silver-Lupine),Lupinus albifrons,Bush,3,5,3,5,"Apr, May, Jun, Jul",Full,"DroughtTolerant, Infrequent, Occasional",11,123,Purple,Violet flowers; Evergreen,-10,Occurs in a variety of soils,6,8,Fast,Yes,Yes,Yes,NA,"Hazard: Seeds, leaves, and stems poisonous",NA,-141,2244,1_11111111111111111111111111111111111111111111111111111111,,
Coastal bush lupine,http://calscape.org/Lupinus-arboreus-(Coastal-Bush-Lupine),Lupinus arboreus,Bush,3,18,3,3,"Apr, May",Full,"DroughtTolerant, Infrequent, Occasional",15,67,Yellow,Yellow flowers; Evergreen,-12,Typically sandy soil,4,7,Fast,Yes,Yes,Yes,NA,"Other: A bright yellow dye is obtained from the flowers. Excellent pioneering plant: grows rapidly, providing shade for other developing plants, and adds nitrogen to soil.",NA,3,8996,1____111___1______1_1_1___1______1_111_11111___11______1__,,
Lupine,http://calscape.org/Lupinus-bicolor-(Miniature-Lupine),Lupinus bicolor,Annual_herb,0.6,0.9,0.9,1.5,"Mar, Apr, May, Jun",Full,"DroughtTolerant, Infrequent, Occasional",9,99,"Purple, Blue","Purple, blue flowers",5,Tolerates a variety of soils including very poor soil,5.8,8.2,Medium,Yes,Yes,Yes,NA,,NA,-69,6042,111111111111111_111111111_11111111111111111111111111111111,,
Sky lupine,http://calscape.org/Lupinus-nanus-(Sky-Lupine),Lupinus nanus,Annual_herb,0.6,2,1.5,3,"Mar, Apr, May",Full,"Infrequent, Occasional",7,99,"Blue, Lavender, Pink, White","Blue, lavender, pink, white flowers",30,Tolerates sandy or clay soils,5.4,7.7,Medium,Yes,Yes,Yes,NA,"Hazard: Seeds, leaves, and stems poisonous",NA,-35,4373,1_1111111111__111_111111__111_11_1111111111111111111111111,,
Arroyo lupine,http://calscape.org/Lupinus-succulentus-(Succulent-Lupine),Lupinus succulentus,Perennial_herb,1,4,2,3,"Feb, Mar, Apr, May","Full, Partial","DroughtTolerant, Infrequent, Occasional, Moderate",11,51,"Blue, Lavender, Pink","Blue, lavender, pink flowers",25,"Tolerates a variety of soils but performs best in heavy, moist soil",6,8,"Medium, Slow",Yes,Yes,Yes,NA,,NA,0,10000,1_11111_111_1_1_1_1_1_11__11_11_111111111111___11111_1_111,,
Varied lupine,http://calscape.org/Lupinus-variicolor-(Manycolored-Lupine),Lupinus variicolor,Bush,1,2,1,2,"Apr, May, Jun, Jul","Full, Partial","DroughtTolerant, Infrequent, Occasional, Moderate",21,63,"Purple, Yellow","Purple, Yellow flowers; Evergreen",25,"Loam, Sand",-1,-1,Unknown,Yes,Yes,Yes,NA,,NA,1,8346,1_____1____1________1_1___1__________1_111_1____1_1_______,,
Coast melic grass,http://calscape.org/Melica-imperfecta-(Small-Flowered-Melica),Melica imperfecta,Grass,0.9,4,0.3,0.9,"Feb, Mar","Full, Partial","DroughtTolerant, Infrequent, Occasional",9,63,Textural,Textural,0,Tolerates a variety of soils,5,8,Medium,NA,NA,NA,NA,Pollen may cause allergies,NA,-62,8815,1__11_1__11_111_1_111111_111_11_1_1111_11111___11_1_1111__,,
Sticky monkeyflower,http://calscape.org/Mimulus-aurantiacus-(Bush-Monkey-Flower),Mimulus aurantiacus,Perennial_herb,1.5,5,1.5,5,"May, Jun, Jul, Aug","Full, Partial","DroughtTolerant, Infrequent, Occasional, Moderate",11,101,"Yellow, Orange, Red","Yellow, orange, red flowers; Evergreen",15,Tolerant of difficult soils if adequate drainage is provided,5,8,Medium,Yes,Yes,Yes,Yes,,Yes,-33,10461,1_111_1111_111111_1_1_11__111111111111111111_1_111_1_11111,,
Scarlet monkeyflower,http://calscape.org/Mimulus-cardinalis-(Scarlet-Monkeyflower),Mimulus cardinalis,Perennial_herb,1.5,3,0.9,3,"Mar, Apr, May","Full, Partial","Moderate, Regular",11,85,Red,Red flowers; Evergreen,5,Tolerates sandy and clay soils,4,9,Slow,NA,Yes,Yes,Yes,,Yes,7,10662,111111111111_11_1_1_1111_111111111111_1111111_111__1111111,,
Seep monkeyflower,http://calscape.org/Mimulus-guttatus-(Seep-Monkey-Flower),Mimulus guttatus,Annual_herb,0.9,3,0.9,3,"Apr, May, Jun",Partial,"Moderate, Regular",7,111,Yellow,Yellow flowers,-15,Tolerates a variety of soils as long as adequate drainage is provided,5,8,"Slow, Standing",NA,Yes,Yes,Yes,Edible: leaves can be used like lettuce in a salad or cooked,Yes,3,9431,1.11111E+57,,
Coyote mint,http://calscape.org/Monardella-villosa-(San-Antonio-Hills-Monardella),Monardella villosa,Perennial_herb,0.9,2,1.5,3,"Jun, Jul, Aug","Full, Partial","DroughtTolerant, Infrequent, Occasional, Moderate",14,71,"White, Pink, Purple","White, pink, purple flowers; Evergreen",15,Tolerates a variety of soils,5,7,Medium,Yes,Yes,Yes,NA,Edible: The fresh or dried aromatic leaves and flower heads are steeped in cold water (but should not be boiled) to make a refreshing clear tea,Yes,7,4145,1_1111111111__1_11__1111__111_11_11_111111111_111111111_11,,
California wax myrtle,http://calscape.org/Morella-californica-(California-Wax-Myrtle),Morella californica,Bush,3,33,3,20,"Jun, Jul","Full, Partial","Occasional, Moderate, Regular",17,99,Yellow,Yellow flowers; Evergreen,20,Tolerates a variety of soils,4,8,Medium,NA,NA,NA,NA,,Yes,15,7431,1_____11___1______1_1_1___1__________1_11111____1______1__,,
Deer grass,http://calscape.org/Muhlenbergia-rigens-(Deergrass),Muhlenbergia rigens,Grass,3,5,3,5,"May, Jun","Full, Partial","DroughtTolerant, Infrequent, Occasional, Moderate",7,57,Textural,Textural,10,Tolerant of sand and clay,5,8,Medium,NA,Yes,NA,NA,,Yes,4,6418,1_11111_111_111___11_1_1__1_111111111111_1______1111_11111,,
Baby blue eyes,http://calscape.org/Nemophila-menziesii-(Baby-Blue-Eyes),Nemophila menziesii,Annual_herb,0.3,0.9,0.9,1.5,"Mar, Apr, May, Jun","Full, Partial","Infrequent, Occasional, Regular",9,101,"White, Blue","White, blue flowers",5,Sandy to loamy,6,8,Unknown,Yes,Yes,NA,NA,,NA,30,6924,1_1111111111111_1_111111__11111_1111111111111__11111111111,,
Foothill penstemon,http://calscape.org/Penstemon-heterophyllus-(Foothill-Penstemon),Penstemon heterophyllus,Perennial_herb,1.5,3,1.5,4.5,"May, Jun, Jul",Full,"DroughtTolerant, Infrequent, Occasional",6,105,"Purple, Blue","Purple, blue flowers; Evergreen",10,Tolerant of a variety of soils as long as drainage is good,6,7.5,Fast,Yes,Yes,Yes,NA,,Yes,-1,5082,1_1111111111__1_11111111__1111111_111__1_11_11111111111111,,
California sycamore,http://calscape.org/Platanus-racemosa-(Western-Sycamore),Platanus racemosa,Tree,30,115,24,50,"Feb, Mar, Apr, May","Full, Partial","Occasional, Moderate",11,51,NA,Bronze fall foliage; Winter deciduous,10,Tolerates sand and clay,5,8,Slow,NA,Yes,NA,Yes,Pollen may cause allergies,NA,-66,5538,1__1_11__111__1___11__11__11111_1111111111111__1_111_1_111,,
California polypody,http://calscape.org/Polypodium-californicum-(California-Polypody),Polypodium californicum,Fern,0.3,1.5,0.3,1.5,NA,"Partial, Shade","Moderate, Regular",11,127,Textural,Textural,15,Tolerates a wide variety of soils as long as adequate moisture is present,5.7,7.5,Slow,NA,NA,NA,NA,,NA,-22,6569,1_11__1111_1__1_1_1_1_1___1111_11_1111_11111_11_1_1111_1__,,
Western sword fern,http://calscape.org/Polystichum-munitum-(Sword-Fern),Polystichum munitum,Fern,2.1,3,2.1,3,NA,"Partial, Shade","Occasional, Moderate, Regular",19,127,Textural,Textural,15,Tolerant of a variety of soils as long as adequate moisture is available,4,7,"Medium, Slow",NA,NA,NA,NA,Edible: root can be peeled then roasted like potato,NA,-185,7224,1__111111__1____1_1_111___111_111__111_11111111_1__11111_1,,
Fremont cottonwood,http://calscape.org/Populus-fremontii-(Fremont-Cottonwood),Populus fremontii,Tree,30,100,24,35,"Feb, Mar",Full,"Occasional, Moderate, Regular",5,85,NA,Golden fall foliage; Winter deciduous,5,Accepts either sandy or clay soil as long as there is sufficient water,6,8,Slow,NA,Yes,Yes,Yes,Pollen may cause allergies; Edible: Catkins may be eaten raw or cooked,NA,-1,6049,1_11111_1111111111111111_111111_11111_1111111_111111111111,,
Holly leaf cherry,http://calscape.org/Prunus-ilicifolia-(Hollyleaf-Cherry),Prunus ilicifolia,Bush,3,30,3,20,"Feb, Mar, Apr","Full, Partial","DroughtTolerant, Infrequent, Occasional",11,49,White,"Showy cream or white flowers, prolific red or purple drupe; Evergreen",15,"Tolerant of a variety of soils but will grow largest and fastest in coarse, fast draining, relatively fertile garden soil",5,8,"Fast, Medium",Yes,Yes,NA,Yes,Pollen may cause allergies; Edible: Fruit ok raw. Hazard:Pits are poisonous.,NA,3,7280,1__1__1__1__111___1_1_11__11_1__1_1111_11111___11_1___11__,,
Coast live oak,http://calscape.org/Quercus-agrifolia-(Coast-Live-Oak),Quercus agrifolia,Tree,15,80,15,35,"Feb, Mar, Apr","Full, Partial","DroughtTolerant, Infrequent, Occasional",11,69,NA,Evergreen glossy dark green leaves; Evergreen,15,"Tolerates a variety of soils but prefers a deep, well-draining loam which it usually develops over time from leaf drop",4,8,Medium,NA,Yes,NA,Yes,"Pollen may cause allergies. Edible: Acorns edible, but the high tannin content makes them less useful than other Quercus species.",NA,-2,6522,1__1__11___1__1_1_111_11__11_1__1111111111111_111______11_,,
Valley oak,http://calscape.org/Quercus-lobata-(Valley-Oak),Quercus lobata,Tree,30,100,30,50,"Feb, Mar","Full, Partial","Infrequent, Occasional",12,85,NA,Bronze or gold fall foliage; Winter deciduous,7,"Prefers deep, rich soil but can utilize other soils if moisture is sufficient",6,8,Medium,NA,Yes,NA,Yes,"Pollen may cause allergies. Edible: Acorns are edible once leached to remove tannins, after which they are ground into flour and used to make 'acorn mush' or bread.",NA,-8,8884,1_11111_111___111_111111__11111_111_111111111_111111_11111,,
Lemonade berry,http://calscape.org/Rhus-integrifolia-(Lemonade-Sumac),Rhus integrifolia,Bush,3,30,3,20,"Feb, Mar, Apr, May","Full, Partial","DroughtTolerant, Infrequent, Occasional",7,83,"White, Pink",White to pink flowers; Winter deciduous,25,Many soil types,5,8,Medium,Yes,Yes,Yes,Yes,"Other: May cause skin rash on contact. Leaves high in tannin, can be collected in the fall and used for brown dye; Edible: berries soaked in hot or cold water for tea, roasted fruit ground for coffee substitute.",NA,-167,6918,____________1_____1_1________1__1__11__111_1___________1__,,
California gooseberry,http://calscape.org/Ribes-californicum-(Hillside-Gooseberry),Ribes californicum,Bush,2,6,3,8,"Jan, Feb, Mar",Partial,"Infrequent, Occasional, Moderate",4,77,"Pink, Purple, Yellow","Pink, Purple, Yellow",15,Tolerates sandy soil,5.2,7.3,Medium,Yes,Yes,Yes,Yes,"Edible: berries edible, but harvesting is challenging. Hazard: Plant is very spiny/thorny",NA,-3,7465,1_11111_1_11__1_1_1_1_1_1_1111111_1111_111111___1__1_1_1__,,
Chaparral currant,http://calscape.org/Ribes-malvaceum-(Chaparral-Currant),Ribes malvaceum,Bush,3,8,3,6,"Dec, Jan, Feb, Mar, Apr, May","Full, Partial","DroughtTolerant, Infrequent, Occasional",19,149,"Pink, Purple, White",Pink to purple/white flowers; Summer deciduous,34,"Medium and coarse, dry",5.8,8.2,Fast,Yes,Yes,Yes,NA,"Edible: berries eaten raw, cooked for jam/jelly",NA,7,10031,1_1_111_1111__1_1_1_1_111_11_1__1_11111111111__1_1_1__111_,,
Flowering currant,http://calscape.org/Ribes-sanguineum-(Red-Flowering-Currant),Ribes sanguineum,Bush,3,13,3,7,"Jan, Feb, Mar, Apr, May","Full, Partial, Shade","Infrequent, Occasional, Moderate",19,149,"White, Pink, Red","White, pink, or red flowers; Winter deciduous",5,Tolerates a variety of soils,5.5,7,Medium,Yes,Yes,Yes,NA,Edible: berries can be cooked into jam/jelly or used to make fruit leather,NA,7,7838,1_____11__11______111_1___11______11_1_1111111111__111____,,
Matilija poppy,http://calscape.org/Romneya-coulteri-(Coulter's-Matilija-Poppy),Romneya coulteri,Perennial_herb,6,9,6,9,"Mar, Apr, May, Jun, Jul","Full, Partial","DroughtTolerant, Infrequent, Occasional",13,33,"White, Yellow","Huge white flowers with yellow centers, largest flower of any CA native",25,Prefers sandy or gravelly soil with fast drainage,5,8,Medium,Yes,Yes,NA,NA,"Other: Can be hard to establish, but once established, will spread aggressively. Container may be required.",NA,39,4879,1_________________1__1_______1__1__11__1_1______1______1__,,
California rose,http://calscape.org/Rosa-californica-(California-Wildrose),Rosa californica,Bush,3,8,3,10,"May, Jun, Jul, Aug","Full, Partial","DroughtTolerant, Infrequent, Occasional",11,109,Pink,Pink flowers; Winter deciduous,-10,Tolerates clay but does best in moist loamy soil,5,8,"Medium, Slow",Yes,Yes,NA,Yes,"Edible: The berries or 'rose hips' can be eaten raw, dried or used in tea. The outer flesh is eaten, but avoid consuming the hairs within the seed cavity, which can be irritating to the mouth. All rose hips are a rich source of vitamins and minerals, especially vitamins A, C and E, flavanoids and other bio-active compounds",NA,-3,7857,1_1111111111_11_111111111111111111111111111111111111111111,,
California blackberry,http://calscape.org/Rubus-ursinus-(Pacific-Blackberry),Rubus ursinus,Vine,1.5,6,3,9,"Feb, Mar, Apr, May","Partial, Shade","Moderate, Regular",12,159,White,White flowers; Winter deciduous,0,Tolerates a variety of soils,5,8,"Medium, Slow",Yes,Yes,Yes,Yes,"Edible: berries raw, cooked (e.g. jam), or dried. Tea can be made from fresh or dried leaves. Young spring shoots can be eaten raw or cooked, like asparagus.",NA,-22,7285,1_1111111111__111_111111__11111111111111111111111111111111,,
Cleveland sage,http://calscape.org/Salvia-clevelandii-(Cleveland-Sage),Salvia clevelandii,Bush,3,6,3,8,"May, Jun, Jul, Aug","Full, Partial","DroughtTolerant, Infrequent, Occasional",9,40,"Purple, Violet","Purple, dark violet flowers; Evergreen",20,"Tolerant of a variety of soils, although performs better in well-drained soils",6,8,Medium,Yes,Yes,Yes,NA,Edible: Substitute for typical sage in cooking,Yes,3,7631,__________________1__________1__1__11_____________________,,
Purple sage,http://calscape.org/Salvia-leucophylla-(Purple-Sage),Salvia leucophylla,Bush,3,5,3,10,"Apr, May, Jun, Jul",Full,"DroughtTolerant, Infrequent, Occasional",13,31,"Pink, Lavender","Rose, lavender flowers; Evergreen",0,Variable,5,8,"Fast, Medium",Yes,Yes,Yes,NA,,Yes,11,5111,______1_______1___1_______1__1__1__11__1_1_____________1__,,
Black sage,http://calscape.org/Salvia-mellifera-(Black-Sage),Salvia mellifera,Bush,3,6,3,10,"Mar, Apr, May, Jun, Jul",Full,DroughtTolerant,11,51,"White, Blue, Lavender",White to pale blue or lavender flowers; Evergreen,30,Tolerates a variety of soils although it is happier with good drainage,4,8,"Fast, Medium",Yes,Yes,Yes,Yes,Edible: The aromatic leaves can be brewed into a tea. The leaves and stems can be used as a food flavouring. The seeds can be dried then ground into a powder and used as a gruel,Yes,-18,6692,1_11_11__1_1_111__1_1__1__1__1__1_111_111111____11_____1__,,
Sonoma sage,http://calscape.org/Salvia-sonomensis-(Sonoma-Sage),Salvia sonomensis,Perennial_herb,0.3,1.3,3,12,"Mar, Apr, May, Jun, Jul","Partial, Shade",DroughtTolerant,20,69,"Blue, Lavender, Purple",Blue to lilac or purple flowers; Evergreen,10,Tolerates a variety of soils as long as drainage is adequate,5,7.5,Medium,Yes,Yes,Yes,NA,,Yes,50,8808,_1111___11______1_1__1____111_1__11_1__1111_1_1_1__111___1,,
Hummingbird sage,http://calscape.org/Salvia-spathacea-(Hummingbird-Sage),Salvia spathacea,Perennial_herb,0.6,1.5,3,6,"Feb, Mar, Apr, May, Jun, Jul","Full, Partial","DroughtTolerant, Infrequent, Occasional",15,49,"Red, Pink","Red, pink flowers; Evergreen",0,Tolerates a variety of soils,5,7,Medium,Yes,Yes,Yes,NA,,Yes,13,3927,1_____1___________1_______1__1_____111_111_____1_______1__,,
Blue elderberry,http://calscape.org/Sambucus-nigra-ssp.-caerulea-(Blue-Elderberry),Sambucus nigra ssp. caerulea,Bush,6,30,6,30,"Mar, Apr, May, Jun, Jul","Full, Partial, Shade","DroughtTolerant, Infrequent, Occasional, Moderate",9,123,"White, Yellow","Showy cream or yellow flowers, prolific black or purple berry; Winter deciduous",5,Tolerates a variety of soils but prefers well-drained soils with moisture,6,7,"Fast, Medium",Yes,Yes,Yes,Yes,"Edible: The berries are safe and delicious once dried or cooked. Used in tea, jellies, sauces and baked goods. Hazard: Raw berries should not be eaten, or only in small quantities, because of the presence of cyanide-inducing glycosides. Other species of elderberry are less edible and should be avoided. ",NA,1,10255,111111111111_11_111111111111111111111111111111111111111111,,
California bee plant,http://calscape.org/Scrophularia-californica-(Bee-Plant),Scrophularia californica,Perennial_herb,3,4.5,1.5,3,"Feb, Mar, Apr, May","Full, Partial, Shade","DroughtTolerant, Infrequent, Occasional",11,85,Red,Red to maroon flowers; Evergreen,20,Adaptable to garden soils,5.2,8.2,"Fast, Medium",Yes,Yes,Yes,Yes,,NA,-23,10537,1111111111_1_11_1111111111111111111111_111111_111111_11111,,
Blue eyed grass,http://calscape.org/Sisyrinchium-bellum-(Blue-Eyed-Grass),Sisyrinchium bellum,Perennial_herb,0.9,2.1,0.3,1.5,"Mar, Apr, May","Full, Partial","Infrequent, Occasional, Moderate",11,157,"Blue, Purple, White",Blue-purple or pale blue/ white flowers,0,Tolerant of sand and clay,5,8,"Medium , Slow",NA,NA,NA,Yes,,Yes,-7,10141,1_1111111__1_11_1111111_11111111111111_111111_1111_1111111,,
California goldenrod,http://calscape.org/Solidago-velutina-(Threenerve-Goldenrod),Solidago velutina,Perennial_herb,1.2,3,1.5,3,"Aug, Sep, Oct","Full, Partial","DroughtTolerant, Infrequent, Occasional, Moderate",11,107,Yellow,Yellow flower; Winter deciduous,0,Tolerates a variety of soils,5.5,7.5,Medium,Yes,Yes,NA,Yes,,NA,-1,10570,1_1111111111_1111111111_11111111111111111111111111111111_1,,
Purple needlegrass,http://calscape.org/Stipa-Pulchra-(Purple-Needlegrass),Stipa pulchra (Nasella),Grass,2.1,3.6,0.3,1.5,"Mar, Apr, May","Full, Partial","Occasional, Infrequent",11,85,Textural,Textural,5,Found in virtually every type of soil,6,8,Medium,Yes,Yes,NA,Yes,,NA,-69,9884,1_11111_1111_11_1_111111_111111_1111111111111__11_11111111,,
Common snowberry,http://calscape.org/Symphoricarpos-albus-(Common-Snowberry),Symphoricarpos albus,Bush,6,12,6,18,"Jun, Jul","Full, Partial, Shade","DroughtTolerant, Infrequent",15,105,Pink,Bell shaped pink flowers; Winter deciduous,0,Tolerates a variety of soils,5,7,Medium,NA,NA,NA,Yes,"Hazard: Berries are poisonous, although requires large quantities",Yes,33,9771,11111_111_11__1_1_1_111_11111111111111_111111_111_11111111,,
Pacific aster,http://calscape.org/Symphyotrichum-chilense-(California-Aster),Symphyotrichum chilense,Perennial_herb,2.1,3.6,1.5,3,"Jul, Aug","Full, Partial","Occasional, Moderate",15,97,Violet,Violet flower; Winter deciduous,5,Prefers loamy clay soil,5.8,8,Unknown,Yes,Yes,NA,NA,,NA,-10,6735,1__111111__1__1_1_111_1___111__1_11111111111___11_11___111,,
Woolly bluecurls,http://calscape.org/Trichostema-lanatum-(Woolly-Bluecurls),Trichostema lanatum,Perennial_herb,3,5,3,5,"Mar, Apr, May, Jun","Full, Partial","DroughtTolerant, Infrequent",14,65,"Blue, Pink, White",Blue to pink or white flowers; Evergreen,0,Often but not always found on eroded gabbro or sandstone soils,6,7.5,Fast,Yes,Yes,Yes,NA,"Other: need regular water their first year to become established. After that, even occasional summer water will sometimes kill",NA,59,6306,1__1__________1___1_1_____1__1__11111_11111___1_____11_11_,,
California bay laurel,http://calscape.org/Umbellularia-californica-(California-Laurel),Umbellularia californica,Tree,6,60,3,30,"Mar, Apr, May","Full, Partial, Shade","DroughtTolerant, Infrequent, Occasional, Moderate",15,141,White,"White, cream flowers; Evergreen",10,Tolerates a variety of soils including clay and serpentine,5,8,Medium,Yes,Yes,NA,Yes,"Edible: leaves can be substituted for bayleaf in cooking; nuts can be roasted and eaten, or can be ground into a powder that is used with cereal flours in making bread",Yes,3,9134,1_11111111_1__1_1_11111___111111111111_111111_111_11111111,,
Western vervain,http://calscape.org/Verbena-lasiostachys-(Vervain),Verbena lasiostachys,Perennial_herb,1.5,3,1.5,3,"Apr, May, Jun, Jul, Aug, Sep","Full, Partial","Occasional, Moderate",11,87,Purple,Purple flowers; Summer deciduous,-20,Tolerates a variety of soils including sand and clay as long as adequate moisture is present,6,8,"Medium, Slow",Yes,Yes,NA,NA,,NA,-6,8428,1_1111111111__1_1_111111__11111_111111_111111_111_1111111_,,
Western chain fern,http://calscape.org/Woodwardia-fimbriata-(Giant-Chain-Fern),Woodwardia fimbriata,Fern,3,6,3,6,NA,"Full, Partial, Shade","Occasional, Moderate, Regular",15,101,Textural,Textural,0,"Prefers moist, fertile soil with good drainage",5,7,Slow,NA,NA,NA,NA,,NA,22,7677,1_11111111_1__1_1_1_1111__111111111111_111111__111111111_1,,
Mules ears,http://calscape.org/Wyethia-angustifolia-(Narrow-Leaf-Mule-Ears),Wyethia angustifolia,Perennial_herb,2,4,2,4,"Mar, Apr, May, Jun, Jul","Full, Partial","Infrequent, Occasional, Moderate",19,123,Yellow,Yellow flower; Winter deciduous,-5,Tolerates a variety of soils as long as adequate drainage is provided. Prefers light or loamy soil.,5.8,7,Slow,Yes,Yes,NA,NA,"Edible: The seed can be dried, ground into a powder and used as a thickener in soups or can be added to cereal flours when making bread. Young leaves can be eaten raw.",NA,-53,7478,111111111111____1__1111_1_111_11_11__11_1_1111111_111_1_11,,
